{"cameraMode":{"drawMode":0,"name":"Shaded","section":"Shading Mode"},"sceneLighting":false,"audioPlay":false,"sceneViewState":{"showFog":true,"showMaterialUpdate":false,"showSkybox":true,"showFlares":true,"showImageEffects":true,"showParticleSystems":true},"in2DMode":false,"pivot":{"x":-13.466532707214356,"y":-16.720664978027345,"z":7.223573207855225},"rotation":{"x":0.28772321343421938,"y":-0.42566221952438357,"z":0.146791473031044,"w":0.845585823059082},"size":30.604169845581056,"orthographic":false}