{"cameraMode":{"drawMode":0,"name":"Shaded","section":"Shading Mode"},"sceneLighting":false,"audioPlay":false,"sceneViewState":{"showFog":true,"showMaterialUpdate":false,"showSkybox":true,"showFlares":true,"showImageEffects":true,"showParticleSystems":true},"in2DMode":false,"pivot":{"x":27.069843292236329,"y":-6.907256126403809,"z":9.953091621398926},"rotation":{"x":-0.1603889912366867,"y":-0.293219655752182,"z":0.048509400337934497,"w":-0.9415253400802612},"size":31.294231414794923,"orthographic":false}